station_key,station_name,station_type,station_first_trip_at,earlier_same_name_trip_at,earlier_unlocated_same_name,current_feed_match_status,service_date_review_reasons,first_trip_archive,first_trip_id
divvy_a52492774ef17650,Clinton St & Washington Blvd,station,2013-06-27 01:06:00,,,matched,first_archive_day,Divvy_Stations_Trips_2013.zip,3940
divvy_b5bcf9f700e39d00,Larrabee St & Kingsbury St 1,station,2013-06-27 09:46:00,,,matched,first_archive_day,Divvy_Stations_Trips_2013.zip,3940
divvy_ea5f5fe4248f1db5,May St & Randolph St,station,2013-06-27 11:09:00,,,no_confirmed_match,possible_rename | first_archive_day,Divvy_Stations_Trips_2013.zip,4113
divvy_25477eec0ffe0b6e,Wood St & Division St,station,2013-06-27 11:24:00,,,no_confirmed_match,possible_rename | first_archive_day,Divvy_Stations_Trips_2013.zip,4134
divvy_85c37b553fa02aef,Michigan Ave & Oak St,station,2013-06-27 12:06:00,,,matched,first_archive_day,Divvy_Stations_Trips_2013.zip,4095
divvy_60921d72b8fdcfd4,Larrabee St & Menomonee St,station,2013-06-27 12:15:00,,,matched,first_archive_day,Divvy_Stations_Trips_2013.zip,4192
divvy_456c7ed952001441,Michigan Ave & Ida B Wells Dr,station,2013-06-27 13:00:00,,,matched,first_archive_day,Divvy_Stations_Trips_2013.zip,4216
divvy_1d2fd02d528e3f7e,Millennium Park,station,2013-06-27 13:03:00,,,matched,first_archive_day,Divvy_Stations_Trips_2013.zip,4216
divvy_2aa272152732acce,Wood St & Beach Ave,station,2013-06-27 14:38:00,,,matched,first_archive_day,Divvy_Stations_Trips_2013.zip,4134
divvy_b8cff87488c71eac,Broadway & Barry Ave,station,2013-06-27 14:40:00,,,matched,first_archive_day,Divvy_Stations_Trips_2013.zip,4263
divvy_41892d32b9d38f2f,Racine Ave & Congress Pkwy,station,2013-06-27 14:44:00,,,matched,first_archive_day,Divvy_Stations_Trips_2013.zip,4275
divvy_900a7d174e9738dd,Clinton St & Tilden St,station,2013-06-27 14:56:00,,,matched,first_archive_day,Divvy_Stations_Trips_2013.zip,4288
divvy_a56b2510c8994586,Throop (Loomis) St & Taylor St,station,2013-06-27 15:05:00,,,no_confirmed_match,first_archive_day,Divvy_Stations_Trips_2013.zip,4291
divvy_d38073c8048f0c4b,Halsted St & Wrightwood Ave,station,2013-06-27 15:05:00,,,matched,first_archive_day,Divvy_Stations_Trips_2013.zip,4289
divvy_433f72bf50d5b843,Halsted St & James M Rochford St,station,2013-06-27 15:27:00,,,no_confirmed_match,first_archive_day,Divvy_Stations_Trips_2013.zip,4342
divvy_655e9edc84ce7419,Loomis St & Lexington St,station,2013-06-27 15:54:00,,,matched,first_archive_day,Divvy_Stations_Trips_2013.zip,4378
divvy_3657b024be86aca6,Cannon Dr & Fullerton Ave,station,2013-06-27 16:01:00,,,matched,first_archive_day,Divvy_Stations_Trips_2013.zip,4162
divvy_0866820a3bb2ec24,Lincoln Ave & Eastwood Ave,station,2013-06-27 16:15:00,,,no_confirmed_match,first_archive_day,Divvy_Stations_Trips_2013.zip,4345
divvy_067fa29bf7e9ecc2,Wabash Ave & Cermak Rd,station,2013-06-27 16:34:00,,,matched,first_archive_day,Divvy_Stations_Trips_2013.zip,4389
divvy_20f0b12ede6f7e80,Franklin St & Jackson Blvd,station,2013-06-27 18:21:00,,,matched,first_archive_day,Divvy_Stations_Trips_2013.zip,4415
divvy_6cc9f16417d36aae,Daley Center Plaza,station,2013-06-27 18:32:00,,,matched,first_archive_day,Divvy_Stations_Trips_2013.zip,4427
divvy_d5d3f97a2752403e,Dearborn St & Adams St 1,station,2013-06-27 18:45:00,,,matched,possible_rename | first_archive_day,Divvy_Stations_Trips_2013.zip,4490
divvy_a74f078c3eff76c0,State St & Randolph St,station,2013-06-27 18:57:00,,,matched,first_archive_day,Divvy_Stations_Trips_2013.zip,4516
divvy_397b577c20a7a51d,DuSable Lake Shore Dr & Monroe St,station,2013-06-27 19:03:00,,,matched,first_archive_day,Divvy_Stations_Trips_2013.zip,4490
divvy_d981e52743e64fd6,Canal St & Jackson Blvd,station,2013-06-27 19:06:00,,,matched,possible_rename | first_archive_day,Divvy_Stations_Trips_2013.zip,4513
divvy_755360fe02c046bc,Clarendon Ave & Leland Ave,station,2013-06-27 19:10:00,,,matched,first_archive_day,Divvy_Stations_Trips_2013.zip,4518
divvy_5f5184139d24f9dc,Lincoln Ave & Armitage Ave,station,2013-06-27 19:20:00,,,no_confirmed_match,first_archive_day,Divvy_Stations_Trips_2013.zip,4564
divvy_bfe493902e2e8fc6,Clark St & Wrightwood Ave,station,2013-06-27 19:23:00,,,matched,first_archive_day,Divvy_Stations_Trips_2013.zip,4572
divvy_8813304f91f53ada,Ogden Ave & Chicago Ave,station,2013-06-27 19:34:00,,,matched,first_archive_day,Divvy_Stations_Trips_2013.zip,4255
divvy_0b3ce68bfeb47274,Sheffield Ave & Fullerton Ave,station,2013-06-27 19:35:00,,,matched,first_archive_day,Divvy_Stations_Trips_2013.zip,4476
divvy_e85c7bd199f42030,Southport Ave & Wrightwood Ave,station,2013-06-27 19:38:00,,,matched,first_archive_day,Divvy_Stations_Trips_2013.zip,4588
divvy_7db0a773b6b2c101,Michigan Ave & Lake St,station,2013-06-27 19:42:00,,,matched,first_archive_day,Divvy_Stations_Trips_2013.zip,4598
divvy_38247ca93fab3f69,Clark St & Randolph St,station,2013-06-27 19:46:00,,,no_confirmed_match,first_archive_day,Divvy_Stations_Trips_2013.zip,4607
divvy_f69dbb54f4f6512a,Fairbanks Ct & Grand Ave,station,2013-06-27 19:52:00,,,matched,first_archive_day,Divvy_Stations_Trips_2013.zip,4619
divvy_71a866c0525c5ece,Wabash Ave & Roosevelt Rd,station,2013-06-27 20:05:00,,,matched,first_archive_day,Divvy_Stations_Trips_2013.zip,4598
divvy_d899e81ccf255543,Sheffield Ave & Kingsbury St,station,2013-06-27 20:22:00,,,matched,first_archive_day,Divvy_Stations_Trips_2013.zip,4644
divvy_c2d5d64022d5faba,Franklin St & Chicago Ave,station,2013-06-27 20:50:00,,,matched,first_archive_day,Divvy_Stations_Trips_2013.zip,4698
divvy_e12476d9565963de,Wells St & Walton St,station,2013-06-27 20:50:00,,,matched,first_archive_day,Divvy_Stations_Trips_2013.zip,4644
divvy_84c828028dbaf247,Kingsbury St & Erie St,station,2013-06-27 20:57:00,,,matched,first_archive_day,Divvy_Stations_Trips_2013.zip,4725
divvy_741fc8f6f8067f48,Clinton St & Madison St,station,2013-06-27 21:15:00,,,matched,first_archive_day,Divvy_Stations_Trips_2013.zip,4764
divvy_9611fe0db7627494,Damen Ave & Pierce Ave,station,2013-06-27 21:39:00,,,matched,possible_rename | first_archive_day,Divvy_Stations_Trips_2013.zip,4793
divvy_1991489596f60c45,Dayton St & North Ave,station,2013-06-27 21:41:00,,,matched,first_archive_day,Divvy_Stations_Trips_2013.zip,4796
divvy_2b325a70a5fd923f,Noble St & Milwaukee Ave,station,2013-06-27 21:51:00,,,matched,first_archive_day,Divvy_Stations_Trips_2013.zip,4793
divvy_67f976dc7995c066,Wood St & North Ave,station,2013-06-27 22:39:00,,,no_confirmed_match,first_archive_day,Divvy_Stations_Trips_2013.zip,4874
divvy_149b1e8769ae3b80,Larrabee St & North Ave,station,2013-06-27 23:15:00,,,matched,first_archive_day,Divvy_Stations_Trips_2013.zip,4378
divvy_53d4d0497ddd2f5a,Ashland Ave & Augusta Blvd,station,2013-06-27 23:26:00,,,matched,first_archive_day,Divvy_Stations_Trips_2013.zip,4954
divvy_a0cb8c37372c1f95,California Ave & 21st St,station,2013-06-27 23:37:00,,,matched,first_archive_day,Divvy_Stations_Trips_2013.zip,4943
divvy_e2e8ac1307365452,Ashland Ave & Chicago Ave,station,2013-06-27 23:39:00,,,matched,first_archive_day,Divvy_Stations_Trips_2013.zip,4956
divvy_bee923a3971bbf3d,Racine Ave & 18th St,station,2013-06-27 23:51:00,,,matched,first_archive_day,Divvy_Stations_Trips_2013.zip,4991
divvy_0c582a5da21e4706,McClurg Ct & Illinois St,station,2013-06-28 07:13:00,,,no_confirmed_match,possible_rename,Divvy_Stations_Trips_2013.zip,5173
divvy_e7c59742f0ae4d4e,Lincoln Ave & Fullerton Ave,station,2013-06-28 10:00:00,,,needs_review,name_has_multiple_locations,Divvy_Stations_Trips_2013.zip,5383
divvy_36cb92c0ffafc165,Dearborn St & Monroe St,station,2013-06-28 17:50:00,,,needs_review,possible_rename,Divvy_Stations_Trips_2013.zip,5852
divvy_98df82f228609d99,Morgan St & Lake St,station,2013-06-28 20:00:00,,,matched,possible_rename,Divvy_Stations_Trips_2013.zip,7303
divvy_2609247ed59979ea,Wells St & Erie St,station,2013-06-29 12:08:00,,,no_confirmed_match,possible_rename,Divvy_Stations_Trips_2013.zip,7997
divvy_0f3dec4c70eae296,Aberdeen St & Madison St,station,2013-06-29 12:53:00,,,no_confirmed_match,possible_rename,Divvy_Stations_Trips_2013.zip,8081
divvy_2381d50b9471d6e7,Green St & Randolph St,station,2013-06-29 17:08:00,,,matched,possible_rename,Divvy_Stations_Trips_2013.zip,8829
divvy_92233e6b8a0691e6,Greenview Ave & Diversey Pkwy,station,2013-06-29 19:40:00,,,needs_review,name_has_multiple_locations,Divvy_Stations_Trips_2013.zip,9259
divvy_6c45a261fb07a23e,Riley O'Neil Memorial Station at City Hall,station,2013-07-15 14:47:00,,,matched,possible_rename,Divvy_Stations_Trips_2013.zip,65776
divvy_810c8ed406cb9d69,Damen Ave & Coulter St,station,2013-07-24 13:46:00,,,matched,possible_rename,Divvy_Stations_Trips_2013.zip,101214
divvy_ad14e238edc0d5dd,Wabash Ave & 8th St,station,2013-07-28 23:59:00,,,no_confirmed_match,possible_rename,Divvy_Stations_Trips_2013.zip,121964
divvy_d0bee424dc0f5785,Ashland Ave & Grace St,station,2013-07-31 17:38:00,,,matched,name_has_multiple_locations,Divvy_Stations_Trips_2013.zip,133528
divvy_bc89d06905da7315,State St & Erie St,station,2013-08-01 17:13:00,,,no_confirmed_match,possible_rename,Divvy_Stations_Trips_2013.zip,138074
divvy_35c25fa6f3d76660,Streeter Dr & Illinois St,station,2013-08-05 16:15:00,,,no_confirmed_match,possible_rename,Divvy_Stations_Trips_2013.zip,163813
divvy_172f02948dbcd958,Wentworth Ave & Archer Ave,station,2013-08-06 17:22:00,,,no_confirmed_match,possible_rename,Divvy_Stations_Trips_2013.zip,170339
divvy_7b3fa896472faff5,Canal St & Monroe St,station,2013-08-07 11:57:00,,,needs_review,name_has_multiple_locations | possible_rename,Divvy_Stations_Trips_2013.zip,174041
divvy_1a32ac9f7f7eae6a,Cityfront Plaza & N Water St,station,2013-08-10 12:01:00,,,no_confirmed_match,possible_rename,Divvy_Stations_Trips_2013.zip,193547
divvy_7f8cb9991a8befb6,State St & Wacker Dr,station,2013-08-10 12:35:00,,,no_confirmed_match,possible_rename,Divvy_Stations_Trips_2013.zip,193948
divvy_d72268695a864c96,Halsted St & Madison St,station,2013-08-10 17:23:00,,,no_confirmed_match,possible_rename,Divvy_Stations_Trips_2013.zip,197514
divvy_69b07549db73b3e5,Prairie Ave & Garfield Blvd,station,2013-08-15 13:16:00,,,matched,possible_rename,Divvy_Stations_Trips_2013.zip,230075
divvy_85d5ec60d83e707c,Ashland Ave & Division St,station,2013-08-16 11:01:00,,,needs_review,name_has_multiple_locations | possible_rename,Divvy_Stations_Trips_2013.zip,236845
divvy_2b863395f9804bd1,May St & Fulton St,station,2013-08-16 13:25:00,,,no_confirmed_match,possible_rename,Divvy_Stations_Trips_2013.zip,238119
divvy_7ea84795cea2e702,Lincoln Ave & Leavitt St,station,2013-08-22 16:59:00,,,no_confirmed_match,possible_rename,Divvy_Stations_Trips_2013.zip,291189
divvy_1e3f6a57e65d2478,Ashland Ave & Belle Plaine Ave,station,2013-08-26 16:00:00,,,matched,name_has_multiple_locations,Divvy_Stations_Trips_2013.zip,330468
divvy_7caab0e9f49ea3f8,Franklin St & Arcade Pl,station,2013-09-13 15:10:00,,,no_confirmed_match,possible_rename,Divvy_Stations_Trips_2013.zip,486201
divvy_29764872a3a8902d,Franklin St & Quincy St,station,2013-09-14 13:28:00,,,no_confirmed_match,possible_rename,Divvy_Stations_Trips_2013.zip,494857
divvy_ffa50099e2413e0a,Lake Park Ave & 47th St,station,2013-09-17 15:27:00,,,matched,possible_rename,Divvy_Stations_Trips_2013.zip,516837
divvy_3fd5f1e4beed17f5,Halsted St & Waveland Ave,station,2013-09-19 18:20:00,,,no_confirmed_match,possible_rename,Divvy_Stations_Trips_2013.zip,532242
divvy_0f7a006e8d0d3db2,Wood St & Taylor St,station,2013-09-22 09:55:00,,,needs_review,name_has_multiple_locations,Divvy_Stations_Trips_2013.zip,555921
divvy_da870e0c92ebc3c6,Clark St & Winnemac Ave,station,2013-09-23 16:44:00,,,matched,name_has_multiple_locations,Divvy_Stations_Trips_2013.zip,569394
divvy_37792704a2ff9179,Lincoln Ave & Belmont Ave,station,2013-09-23 17:09:00,,,no_confirmed_match,name_has_multiple_locations,Divvy_Stations_Trips_2013.zip,569650
divvy_0e1cc2fa312d2db5,Southport Ave & Clybourn Ave,station,2013-09-25 12:29:00,,,matched,name_has_multiple_locations,Divvy_Stations_Trips_2013.zip,585260
divvy_92a28c9b0d8d88ef,Halsted St & Diversey Pkwy,station,2013-09-28 11:20:00,,,no_confirmed_match,possible_rename,Divvy_Stations_Trips_2013.zip,614695
divvy_5e179b9d790c3a65,Halsted St & Blackhawk St,station,2013-09-28 16:25:00,,,no_confirmed_match,possible_rename,Divvy_Stations_Trips_2013.zip,620828
divvy_d088f183eac7c4b7,Lake Park Ave & 56th St,station,2013-10-09 13:21:00,,,no_confirmed_match,name_has_multiple_locations,Divvy_Stations_Trips_2013.zip,723950
divvy_72a05161ac89dc2a,Wabash Ave & Wacker Pl,station,2014-07-01 00:26:00,,,no_confirmed_match,possible_rename,Divvy_Stations_Trips_2014_Q3Q4.zip,2355140
divvy_ca6b6e3d737e131c,Cityfront Plaza Dr & Pioneer Ct,station,2014-07-01 04:47:00,,,matched,possible_rename,Divvy_Stations_Trips_2014_Q3Q4.zip,2355189
divvy_7d8a1cdb422e3c37,Dearborn St & Erie St,station,2015-01-01 01:00:00,2013-07-30 10:26:00,,matched,earlier_same_name_history | name_has_multiple_locations | possible_rename,Divvy_Trips_2015-Q1Q2.zip,4413183
divvy_d1ac474ffc2acd49,Broadway & Waveland Ave,station,2015-01-01 08:54:00,,,matched,possible_rename,Divvy_Trips_2015-Q1Q2.zip,4413382
divvy_cec1cb5e90ffea86,Princeton Ave & 31st St,station,2015-04-14 17:45:00,,,no_confirmed_match,possible_rename,Divvy_Trips_2015-Q1Q2.zip,4864308
divvy_6d2ce2c0faaff749,Halsted St & 51st St,station,2015-04-15 19:47:00,,,matched,name_has_multiple_locations,Divvy_Trips_2015-Q1Q2.zip,4876758
divvy_168f48545d06621a,Calumet Ave & 51st St,station,2015-04-21 10:02:00,,,matched,possible_rename,Divvy_Trips_2015-Q1Q2.zip,4926683
divvy_ffcae1e61e49079d,Dusable Harbor,station,2015-04-24 17:35:00,,,needs_review,name_has_multiple_locations,Divvy_Trips_2015-Q1Q2.zip,4954142
divvy_3a2edd6a2da78535,Desplaines St & Jackson Blvd,station,2015-04-26 09:41:00,,,matched,name_has_multiple_locations,Divvy_Trips_2015-Q1Q2.zip,4959649
divvy_e2c5fd64bef18092,Calumet Ave & 71st St,station,2015-04-26 15:10:00,,,matched,possible_rename,Divvy_Trips_2015-Q1Q2.zip,4962880
divvy_44575b1036a1938c,Kedzie Ave & 24th St,station,2015-04-27 16:41:00,,,matched,name_has_multiple_locations,Divvy_Trips_2015-Q1Q2.zip,4972159
divvy_f713931335e774d1,Western Ave & Monroe St,station,2015-04-27 20:01:00,,,needs_review,name_has_multiple_locations,Divvy_Trips_2015-Q1Q2.zip,4975290
divvy_821251c4d26ff69c,Jeffery Blvd & 67th St,station,2015-04-28 09:47:00,,,matched,possible_rename,Divvy_Trips_2015-Q1Q2.zip,4978919
divvy_6a677816b1fb2556,California Ave & Roosevelt Rd,station,2015-04-29 13:08:00,,,no_confirmed_match,possible_rename,Divvy_Trips_2015-Q1Q2.zip,4990701
divvy_0853ae305963e389,Central Park Ave & Ogden Ave,station,2015-04-29 17:44:00,,,matched,possible_rename,Divvy_Trips_2015-Q1Q2.zip,4994184
divvy_7386dbd5dd27b6eb,Drake Ave & Fullerton Ave,station,2015-05-01 12:03:00,,,no_confirmed_match,possible_rename,Divvy_Trips_2015-Q1Q2.zip,5009858
divvy_125dda4fdd5b8036,Western Ave & Roscoe St,station,2015-05-04 15:56:00,,,matched,possible_rename,Divvy_Trips_2015-Q1Q2.zip,5052872
divvy_949f98ca99cc4d14,Keeler Ave & Irving Park Rd,station,2015-05-06 19:32:00,,,no_confirmed_match,possible_rename,Divvy_Trips_2015-Q1Q2.zip,5076272
divvy_b273a9ff5365f618,Damen Ave & Foster Ave,station,2015-05-14 07:15:00,,,matched,name_has_multiple_locations,Divvy_Trips_2015-Q1Q2.zip,5150034
divvy_e6f53118e9ca2096,Ravenswood Ave & Balmoral Ave,station,2015-05-14 12:50:00,,,no_confirmed_match,possible_rename,Divvy_Trips_2015-Q1Q2.zip,5154251
divvy_c801de9c24b15380,Campbell Ave & Montrose Ave,station,2015-05-14 16:58:00,,,matched,name_has_multiple_locations,Divvy_Trips_2015-Q1Q2.zip,5157483
divvy_86941cc6e41b6c31,Sheridan Rd & Loyola Ave,station,2015-05-15 15:10:00,,,needs_review,possible_rename,Divvy_Trips_2015-Q1Q2.zip,5168002
divvy_0a4ba56ff3c26ecb,Sacramento Blvd & Franklin Blvd,station,2015-05-15 16:53:00,,,needs_review,name_has_multiple_locations,Divvy_Trips_2015-Q1Q2.zip,5170349
divvy_75ebb600daf703c4,Halsted St & North Branch St,station,2015-05-16 13:57:00,,,needs_review,name_has_multiple_locations,Divvy_Trips_2015-Q1Q2.zip,5182396
divvy_9a9887d923fe5792,Christiana Ave & Lawrence Ave,station,2015-05-16 20:05:00,,,matched,possible_rename,Divvy_Trips_2015-Q1Q2.zip,5191301
divvy_6956d1e34b74e1cd,Washtenaw Ave & 15th St,station,2015-05-28 18:57:00,,,no_confirmed_match,possible_rename,Divvy_Trips_2015-Q1Q2.zip,5380927
divvy_347cb23a5411ec18,Green St (Halsted St) & Madison St,station,2015-07-01 00:53:00,,,no_confirmed_match,possible_rename,Divvy_Trips_2015_Q3Q4.zip,5943588
divvy_c3dc55a3bd96e18d,Shields Ave & 31st St,station,2015-07-01 01:13:00,,,matched,possible_rename,Divvy_Trips_2015_Q3Q4.zip,5943596
divvy_9cc4165de6f5e0a1,Aberdeen St & Monroe St (Madison St),station,2015-07-01 05:34:00,,,no_confirmed_match,possible_rename,Divvy_Trips_2015_Q3Q4.zip,5943753
divvy_4f248d343c282c95,Franklin St & Monroe St,station,2015-07-01 05:48:00,,,matched,possible_rename,Divvy_Trips_2015_Q3Q4.zip,5943774
divvy_dd37cb7101eb1844,Fairfield Ave & Roosevelt Rd,station,2015-07-01 07:24:00,,,matched,possible_rename,Divvy_Trips_2015_Q3Q4.zip,5944469
divvy_1367bd1e624286c1,Navy Pier,station,2016-01-01 00:26:00,,,matched,possible_rename,Divvy_Trips_2016_Q1Q2.zip,8547222
divvy_3e0abecca9beca66,Green St & Madison St,station,2016-01-01 02:52:00,,,matched,possible_rename,Divvy_Trips_2016_Q1Q2.zip,8547332
divvy_88ea2bc918eda421,Wells St & Huron St,station,2016-01-01 07:41:00,,,matched,possible_rename,Divvy_Trips_2016_Q1Q2.zip,8547390
divvy_ab0652e75584cf5d,Aberdeen St & Monroe St,station,2016-01-01 12:01:00,,,matched,possible_rename,Divvy_Trips_2016_Q1Q2.zip,8547628
divvy_2eef3379af009c59,Pulaski Rd & Madison St,station,2016-06-14 02:15:00,,,no_confirmed_match,possible_rename,Divvy_Trips_2016_Q1Q2.zip,10085553
divvy_0b820ed8483b5192,Kostner Ave & Lake St,station,2016-06-15 18:35:00,,,matched,possible_rename,Divvy_Trips_2016_Q1Q2.zip,10118762
divvy_d18e2944ad1fb484,Mason Ave & Madison St,station,2016-06-17 12:01:00,,,no_confirmed_match,possible_rename,Divvy_Trips_2016_Q1Q2.zip,10149824
divvy_00dc8c8fd2ae00f6,Normal Ave & 72nd St,station,2016-06-25 18:57:00,,,needs_review,possible_rename,Divvy_Trips_2016_Q1Q2.zip,10324479
divvy_499713f1b489337b,Avondale Ave & Irving Park Rd,station,2016-07-01 10:31:55,,,matched,possible_rename,Divvy_Trips_2016_Q3Q4.zip,10431136
divvy_e506dbdc2ce1fdbe,Vernon Ave & 79th St,station,2016-07-26 09:15:27,,,matched,possible_rename,Divvy_Trips_2016_Q3Q4.zip,10935495
divvy_d0c12eeebf20bab9,Damen Ave & Garfield Blvd,station,2016-08-02 16:33:58,,,no_confirmed_match,possible_rename,Divvy_Trips_2016_Q3Q4.zip,11083486
divvy_72d84a4c132ec2bd,Wabash Ave & 87th St,station,2016-08-09 01:27:14,,,matched,possible_rename,Divvy_Trips_2016_Q3Q4.zip,11216874
divvy_692fe2402db34cf5,Kilbourn Ave & Milwaukee Ave,station,2016-09-23 17:58:02,,,matched,name_has_multiple_locations,Divvy_Trips_2016_Q3Q4.zip,12043643
divvy_1eba5550d02773b2,Clinton St & Jackson Blvd,station,2016-10-01 02:37:13,,,needs_review,name_has_multiple_locations | possible_rename,Divvy_Trips_2016_Q3Q4.zip,12150443
divvy_906712c0f0c9f752,Oakley Ave & Roscoe St,station,2017-01-01 01:10:42,,,no_confirmed_match,possible_rename,Divvy_Trips_2017_Q1Q2.zip,12979278
divvy_2b37839001ebb0bc,Racine Ave & Randolph St,station,2017-01-01 01:31:24,,,matched,name_has_multiple_locations | possible_rename,Divvy_Trips_2017_Q1Q2.zip,12979294
divvy_cb6fad19941fa7ed,Racine Ave (May St) & Fulton St,station,2017-01-01 09:45:41,,,no_confirmed_match,possible_rename,Divvy_Trips_2017_Q1Q2.zip,12979495
divvy_68319a1a0f525e99,Seeley Ave & Garfield Blvd,station,2017-02-20 02:33:12,,,matched,possible_rename,Divvy_Trips_2017_Q1Q2.zip,13259164
divvy_76be62cf9088e9a1,California Ave & Cortez St,station,2017-04-27 11:01:15,,,matched,possible_rename,Divvy_Trips_2017_Q1Q2.zip,13818531
divvy_2ff4646ed9019339,Honore St & Division St,station,2017-07-01 00:36:18,,,matched,possible_rename,Divvy_Trips_2017_Q3Q4.zip,14853338
divvy_2b4a61eb70e58b85,Wabash Ave & 9th St,station,2017-07-01 01:57:23,,,matched,possible_rename,Divvy_Trips_2017_Q3Q4.zip,14853534
divvy_bda59943d9a6dd61,Washtenaw Ave & Ogden Ave,station,2017-07-01 13:44:13,,,matched,possible_rename,Divvy_Trips_2017_Q3Q4.zip,14861003
divvy_40912658d75324f6,Austin Blvd & Madison St,station,2017-07-03 16:00:25,,,matched,possible_rename,Divvy_Trips_2017_Q3Q4.zip,14899648
divvy_56c5fff6e460f606,Eberhart (Vernon) Ave & 79th St,station,2017-07-05 03:15:28,,,no_confirmed_match,possible_rename,Divvy_Trips_2017_Q3Q4.zip,14945535
divvy_c0c02d9c7c8af030,Winchester (Ravenswood) Ave & Balmoral Ave,station,2018-01-01 01:25:15,,,matched,possible_rename,Divvy_Trips_2018_Q1.zip,17536718
divvy_d99e25edf3178c55,Halsted St & Clybourn Ave,station,2018-01-01 02:19:46,,,matched,possible_rename,Divvy_Trips_2018_Q1.zip,17536734
divvy_a2eeeb241875467f,Wentworth Ave & Cermak Rd,station,2018-01-01 02:46:18,,,no_confirmed_match,possible_rename,Divvy_Trips_2018_Q1.zip,17536737
divvy_9008432ea61f5fa6,Burling St & Diversey Pkwy,station,2018-01-01 13:55:40,,,matched,possible_rename,Divvy_Trips_2018_Q1.zip,17536945
divvy_938b6fb2ef5ef98c,Karlov Ave & Madison St,station,2018-03-21 08:15:14,,,matched,possible_rename,Divvy_Trips_2018_Q1.zip,17926926
divvy_19be793d706dc823,Lincoln Ave & Sunnyside Ave,station,2018-07-01 06:23:21,,,matched,possible_rename,Divvy_Trips_2018_Q3.zip,19245410
divvy_cc41e4aeab61a366,Clinton St & Jackson Blvd,station,2018-09-26 15:48:37,2016-10-01 02:37:13,,matched,earlier_same_name_history | name_has_multiple_locations,Divvy_Trips_2018_Q3.zip,20918777
divvy_d5808699feca7db9,Damen Ave & Walnut (Lake) St,station,2018-10-25 11:40:22,,,no_confirmed_match,possible_rename,Divvy_Trips_2018_Q4.zip,21309207
divvy_3163ccf2556e4da9,Latrobe Ave & Chicago Ave,station,2019-03-18 16:20:21,,,needs_review,name_has_multiple_locations,Divvy_Trips_2019_Q1.zip,22077704
divvy_7ac1e5a05b78c27c,Franklin St & Adams St,station,2019-07-01 04:15:59,,,matched,possible_rename,Divvy_Trips_2019_Q3.zip,23479594
divvy_a262275c7d7b9908,Elizabeth (May) St & Fulton St,station,2019-07-01 06:56:38,,,no_confirmed_match,possible_rename,Divvy_Trips_2019_Q3.zip,23480223
divvy_8ea7382cb5bf63f8,Pulaski Rd & Eddy St,station,2020-01-01 01:12:37,2015-05-13 17:16:00,,matched,earlier_same_name_history | name_has_multiple_locations,Divvy_Trips_2020_Q1.zip,22715C2ABF04EAF5
divvy_5b459643bf6eb25a,Wolcott (Ravenswood) Ave & Montrose Ave,station,2020-01-01 01:17:21,2013-08-22 18:09:00,,matched,earlier_same_name_history | name_has_multiple_locations,Divvy_Trips_2020_Q1.zip,A805BD9AC6F3EA69
divvy_4d48243dd7d948e6,Damen Ave & Thomas St (Augusta Blvd),station,2020-01-01 01:36:27,2013-07-25 14:51:00,,matched,earlier_same_name_history | name_has_multiple_locations,Divvy_Trips_2020_Q1.zip,20763BF9BFB0E15A
divvy_fb1903ca09983d4d,Throop St & Taylor St,station,2020-01-01 02:18:42,2013-06-27 15:05:00,,matched,earlier_same_name_history,Divvy_Trips_2020_Q1.zip,5DD47B095E912007
divvy_4a47098f1f4578d5,Clark St & Drummond Pl,station,2020-01-01 02:50:33,2013-06-29 12:52:00,,matched,earlier_same_name_history | name_has_multiple_locations,Divvy_Trips_2020_Q1.zip,07CDB237BBD3A43C
divvy_d5f9aa63bf5c4e91,Lakefront Trail & Wilson Ave,station,2020-01-01 11:00:37,2018-09-18 15:15:55,2018-09-18 15:15:55,matched,earlier_same_name_history | name_has_multiple_locations,Divvy_Trips_2020_Q1.zip,3E3F278DE1072A68
divvy_1602f1e1c25de7b2,Dusable Harbor,station,2020-01-01 12:48:27,2015-04-24 17:35:00,,matched,earlier_same_name_history | name_has_multiple_locations,Divvy_Trips_2020_Q1.zip,9AC7DFD0A14E1182
divvy_07f22ce63f088628,Sacramento Blvd & Franklin Blvd,station,2020-01-01 14:31:36,2015-05-15 16:53:00,,matched,earlier_same_name_history | name_has_multiple_locations,Divvy_Trips_2020_Q1.zip,208F55041192E20F
divvy_0800f22ada43fba0,Paulina St & Flournoy St,station,2020-01-01 18:51:30,2015-04-27 14:41:00,,matched,earlier_same_name_history | name_has_multiple_locations,Divvy_Trips_2020_Q1.zip,79001E4CEEA87827
divvy_c2311303414a7fa1,MLK Jr Dr & Pershing Rd,station,2020-01-02 13:20:17,2013-06-28 05:26:00,,matched,earlier_same_name_history | name_has_multiple_locations,Divvy_Trips_2020_Q1.zip,865758A427D8C78F
divvy_159c61b30f69d0ba,Elizabeth St & 59th St,station,2020-01-03 10:44:46,2018-12-04 17:02:53,2018-12-04 17:02:53,no_confirmed_match,earlier_same_name_history | name_has_multiple_locations,Divvy_Trips_2020_Q1.zip,4080CDBB84E227B0
divvy_c95687bbc637a0f1,Central Park Ave & 24th St,station,2020-01-20 08:30:31,2015-05-11 18:54:00,,matched,earlier_same_name_history | name_has_multiple_locations,Divvy_Trips_2020_Q1.zip,9CD434B6C27C798C
divvy_c57aa8caa23a6a86,Vincennes Ave & 75th St,station,2020-04-24 07:10:25,2016-06-25 18:57:00,,matched,earlier_same_name_history | name_has_multiple_locations,202004-divvy-tripdata.zip,0C3FCD83881EA1BC
divvy_77124a9d3e47e6ff,Ashland Ave & 73rd St,station,2020-07-26 21:01:11,,,no_confirmed_match,possible_rename,202007-divvy-tripdata.zip,202A7FDDC1B82926
divvy_5f872621a3794abc,Eberhart Ave & 91st St,station,2020-07-31 13:57:40,,,needs_review,name_has_multiple_locations | possible_rename,202007-divvy-tripdata.zip,9CC0BE2FF5A6CBC7
divvy_c8ee2a4fd9f52342,East End Ave & 87th St,station,2020-08-01 14:57:08,,,matched,possible_rename,202008-divvy-tripdata.zip,8EEB14CC0F99F2B6
divvy_5292baaa080329cd,W Armitage Ave & N Sheffield Ave,station,2020-08-07 22:23:04,,,no_confirmed_match,possible_rename,202008-divvy-tripdata.zip,F38EB117F4F514BD
divvy_f3bfadcfbda1d264,Wood St & Taylor St,station,2020-09-01 04:17:11,2013-09-22 09:55:00,,matched,earlier_same_name_history | name_has_multiple_locations,202009-divvy-tripdata.zip,13787BE0F36767D5
divvy_99ce4ae5b0616cae,Clark St & Winnemac Ave,station,2020-09-01 07:12:17,2013-09-23 16:44:00,,needs_review,earlier_same_name_history | name_has_multiple_locations,202009-divvy-tripdata.zip,40AD30F62AD70745
divvy_3157c752a6438928,Torrence Ave & 106th St,station,2020-09-13 08:33:40,,,matched,possible_rename,202009-divvy-tripdata.zip,D097114BC87FFCE6
divvy_ee5c620d1e0f185e,Halsted St & 111th St,station,2020-09-19 09:22:59,,,matched,possible_rename,202009-divvy-tripdata.zip,1AE6B20000D5929E
divvy_63916206170d693a,Ewing Ave & Burnham Greenway,station,2020-09-24 13:11:04,,,needs_review,name_has_multiple_locations,202009-divvy-tripdata.zip,30B5BB9BECAB4027
divvy_e82b82c3531cc062,St. Louis Ave & Fullerton Ave,station,2020-09-29 17:32:20,,,no_confirmed_match,possible_rename,202009-divvy-tripdata.zip,B3C16ABB64358986
divvy_549d0b8800ddce1a,New St & Illinois St,station,2020-10-18 15:45:54,,,matched,possible_rename,202010-divvy-tripdata.zip,B9F0A343418F4758
divvy_4f99a5f105e18631,Bradley Park,station,2020-10-24 20:22:53,,,needs_review,possible_rename,202010-divvy-tripdata.zip,2026EA8C4742E6B3
divvy_ba983cd2b556d2e7,W Washington Blvd & N Peoria St,station,2020-12-22 17:47:51,,,no_confirmed_match,possible_rename,202012-divvy-tripdata.zip,DD0C6AD849F7F90C
divvy_6e08a472b0e1e587,N Carpenter St & W Lake St,station,2020-12-28 18:12:28,,,no_confirmed_match,possible_rename,202012-divvy-tripdata.zip,E4B68CF33055F338
divvy_b53d6c5de4a8a65b,N Paulina St & Lincoln Ave,station,2021-01-04 12:46:49,,,no_confirmed_match,possible_rename,202101-divvy-tripdata.zip,556A4B1232ED076B
divvy_9c2149f8f34f4103,N Southport Ave & W Newport Ave,station,2021-01-13 18:54:31,,,no_confirmed_match,possible_rename,202101-divvy-tripdata.zip,9D11193780EC6924
divvy_06b3a82450d3d01f,Eberhart Ave & 91st St,station,2021-02-28 17:20:13,2020-07-31 13:57:40,,needs_review,earlier_same_name_history | name_has_multiple_locations | possible_rename,202102-divvy-tripdata.zip,E2418A48AFB51AFE
divvy_f65267f52cb85c36,Desplaines St & Jackson Blvd,station,2021-06-01 03:04:19,2015-04-26 09:41:00,,needs_review,earlier_same_name_history | name_has_multiple_locations,202106-divvy-tripdata.zip,6F608B575D62195F
divvy_02a5de11723ce1f4,Kilbourn Ave & Milwaukee Ave,station,2021-06-01 14:54:43,2016-09-23 17:58:02,,needs_review,earlier_same_name_history | name_has_multiple_locations,202106-divvy-tripdata.zip,749FD5421EEF21BF
divvy_4f0e389c31957c87,Racine Ave & 57th St,station,2021-08-03 19:40:24,2018-12-04 17:02:53,,matched,earlier_same_name_history,202108-divvy-tripdata.zip,42C190FA41CEF94F
divvy_b49088e87d2f1680,Ping Tom Park (East),station,2021-09-26 00:26:20,,,no_confirmed_match,possible_rename,202109-divvy-tripdata.zip,86C2111E4ADE178C
divvy_d89aded64e66a088,N Damen Ave & W Chicago Ave,station,2021-10-07 20:09:49,,,no_confirmed_match,possible_rename,202110-divvy-tripdata.zip,8139DD592B19CB3F
divvy_8f666a3eb25ced3d,Indiana Ave & 133rd St,station,2021-10-21 21:40:52,,,matched,possible_rename,202110-divvy-tripdata.zip,63C8A5F7B8FD7F24
divvy_3153924d452969dd,Lincoln Ave & Fullerton Ave,station,2021-11-01 00:07:46,2013-06-28 10:00:00,2021-10-01 00:04:49,matched,earlier_same_name_history | name_has_multiple_locations,202111-divvy-tripdata.zip,49E9DB5878BBD249
divvy_69082fc3f719ec87,Wallace St & 35th St,station,2021-11-01 07:31:35,2013-09-13 19:58:00,2021-10-01 04:48:41,needs_review,earlier_same_name_history | name_has_multiple_locations,202111-divvy-tripdata.zip,3CCFB9E9939E1200
divvy_d47192a8c38cd97d,Lincoln Ave & Roscoe St - Charging,station,2022-01-20 11:56:27,,,no_confirmed_match,fewer_than_10_endpoints,202201-divvy-tripdata.zip,6EB72FFD126BA156
divvy_da07eb93303eeab8,Halsted St & 51st St,station,2022-01-25 23:58:11,2015-04-15 19:47:00,,needs_review,earlier_same_name_history | name_has_multiple_locations | fewer_than_10_endpoints,202201-divvy-tripdata.zip,23C07C3BAC51CA32
divvy_162f05b85ebdb332,Lincoln Ave & Belmont Ave,station,2022-05-01 06:03:46,2013-09-23 17:09:00,,no_confirmed_match,earlier_same_name_history | name_has_multiple_locations,202205-divvy-tripdata.zip,AEBD554E805E2C31
divvy_c2e362e421b22e20,Michigan Ave & 113th St,station,2022-05-09 12:56:01,,,matched,possible_rename,202205-divvy-tripdata.zip,8F710E27AC0C572C
divvy_5de4da65b457590c,Midway Orange Line,station,2022-05-09 13:07:36,,,matched,possible_rename,202205-divvy-tripdata.zip,FFA9CD38A7C8D1B7
divvy_833b61addf5a6fad,Cicero Ave & Wellington Ave,station,2022-05-09 14:54:23,,,matched,possible_rename,202205-divvy-tripdata.zip,DD537A223E37380D
divvy_4845663fb8b1756c,Ewing Ave & 106th St,station,2022-05-09 17:52:37,,,matched,possible_rename,202205-divvy-tripdata.zip,C074594D96045F26
divvy_7b4120886bdfebf0,Cicero Ave & Wrightwood Ave,station,2022-05-09 19:56:07,,,matched,possible_rename,202205-divvy-tripdata.zip,1218F24D17C2DB70
divvy_c43dfd8de9af26ff,Hamlin Ave & Grand Ave,station,2022-05-10 03:22:49,,,matched,possible_rename,202205-divvy-tripdata.zip,91EC4F983C64BA1F
divvy_3a951f932a041826,Kedzie Ave & Archer Ave,station,2022-05-11 12:25:25,,,matched,possible_rename,202205-divvy-tripdata.zip,9746430FF33AF6D8
divvy_29e4cb59679d4864,Western Ave & 79th St,station,2022-05-11 16:54:10,,,matched,possible_rename,202205-divvy-tripdata.zip,9833ABE1EB55776B
divvy_95f4a6cd6ef7614e,Hamilton Park,station,2022-05-16 06:24:42,,,matched,possible_rename,202205-divvy-tripdata.zip,E64C6EEF33340397
divvy_42876b8a8ec59c9c,McCormick Blvd & Devon Ave,station,2022-05-16 21:02:53,,,matched,possible_rename,202205-divvy-tripdata.zip,29D9FB9F0052440D
divvy_035ba70fe125eb9e,Stewart Ave & 123rd St,station,2022-05-18 15:51:49,,,matched,possible_rename,202205-divvy-tripdata.zip,4D0BA13480F0FCCE
divvy_de1e55de949d2521,Baltimore Ave & 133rd St,station,2022-06-08 13:49:25,,,matched,possible_rename,202206-divvy-tripdata.zip,7BC80BB58D61B281
divvy_96a2a3e6542b205a,Homan Ave & 26th St,station,2022-06-10 18:56:11,,,matched,possible_rename,202206-divvy-tripdata.zip,E37A22DD43BE61CC
divvy_8c2c8a7841c15313,Public Rack - Cicero Ave & Wrightwood Ave,public_rack,2022-06-14 14:42:31,,,matched,possible_rename,202206-divvy-tripdata.zip,68E2A27D033D0F51
divvy_daeff0eaf803d650,Public Rack - California Ave & Cortez St,public_rack,2022-06-14 17:22:09,,,matched,possible_rename,202206-divvy-tripdata.zip,E515DBB96A8ED27C
divvy_4a71c4aee255bce5,Public Rack - Hamlin Ave & Grand Ave,public_rack,2022-06-14 18:06:11,,,matched,possible_rename,202206-divvy-tripdata.zip,79C94FD8A8833520
divvy_d7572d3760391195,Public Rack - Christiana Ave & Lawrence Ave,public_rack,2022-06-14 19:20:51,,,matched,possible_rename,202206-divvy-tripdata.zip,71D7DB2FBB38AB02
divvy_bf81408197a95c2c,Public Rack - Cicero Ave & Wellington Ave,public_rack,2022-06-15 20:46:05,,,matched,possible_rename,202206-divvy-tripdata.zip,35F441C23982ACED
divvy_c665f1c09a47bab2,Public Rack - McCormick Blvd & Devon Ave,public_rack,2022-06-16 20:45:51,,,no_confirmed_match,possible_rename,202206-divvy-tripdata.zip,EA8C9035D6D55B5D
divvy_32d02696ff27161b,Public Rack - Homan Ave & 26th St,public_rack,2022-06-20 19:36:58,,,matched,possible_rename,202206-divvy-tripdata.zip,05D45A200507EEAA
divvy_79db611a49e71440,Nagle Ave & Belmont Ave,station,2022-06-21 17:49:40,,,matched,possible_rename,202206-divvy-tripdata.zip,25740ABBC6AA761E
divvy_bb3c7eb5e4429dd6,Michigan Ave & 11th St,station,2022-06-26 16:21:31,2015-07-01 06:20:00,,needs_review,earlier_same_name_history | possible_rename,202206-divvy-tripdata.zip,F68D0423C5334A2D
divvy_fcd3065b53af712c,Public Rack - Central Park Ave & Ogden Ave,public_rack,2022-06-30 20:52:24,,,matched,possible_rename,202206-divvy-tripdata.zip,57A59D038AB0E4EB
divvy_e5e385a11f5a5d06,Public Rack - Union Ave & 111th St,public_rack,2022-07-22 10:22:00,,,matched,fewer_than_10_endpoints,202207-divvy-tripdata.zip,91997D00203A7997
divvy_ba26d88be8f3ca61,Sangamon St & Lake St,station,2022-07-27 15:55:59,,,matched,possible_rename,202207-divvy-tripdata.zip,DEFFC9B07975D9EC
divvy_bad2f5e9ac5ab868,Green St & Washington Blvd,station,2022-07-27 16:40:22,,,matched,possible_rename,202207-divvy-tripdata.zip,AD23F4FBD39FE359
divvy_150e5e9d8bb00289,Public Rack - Lotus Ave & Harrison St,public_rack,2022-08-02 20:14:07,,,matched,fewer_than_10_endpoints,202208-divvy-tripdata.zip,DB6756D98AC90DF9
divvy_170a93938a2d0353,Eggleston Ave & 115th St,station,2022-08-07 22:32:28,,,matched,possible_rename,202208-divvy-tripdata.zip,CCE4A62EDB4E3FD7
divvy_1e0a4b77b97e6af5,Public Rack - Ave L & 105th St,public_rack,2022-08-12 18:30:22,,,matched,fewer_than_10_endpoints,202208-divvy-tripdata.zip,7CDDDDAFDE821955
divvy_54d7581a715ae180,Public Rack - Wallace St & 119th St,public_rack,2022-08-16 22:03:54,,,matched,fewer_than_10_endpoints,202208-divvy-tripdata.zip,CD759F90AD83E3D3
divvy_b9a7885e0b7ced25,Public Rack - Langley Ave & 87th St,public_rack,2022-08-20 18:20:14,,,matched,fewer_than_10_endpoints,202208-divvy-tripdata.zip,599742345E9D97D6
divvy_8f9c879386a75fb6,Public Rack - Kedzie Ave & Archer Ave,public_rack,2022-08-31 17:25:00,,,matched,possible_rename,202208-divvy-tripdata.zip,D84517229D73DD3B
divvy_0765b01a8ba13f0e,Public Rack - Oakley Ave & 50th Pl,public_rack,2022-09-02 18:44:03,,,matched,fewer_than_10_endpoints,202209-divvy-tripdata.zip,0183DDDBFE96795A
divvy_f8d1bacb57335f55,Public Rack - Nagle Ave & Belmont Ave,public_rack,2022-09-06 16:13:46,,,matched,possible_rename,202209-divvy-tripdata.zip,10D4A26B7C424D9E
divvy_8952e97a123eddf3,Public Rack - Calumet Ave & 51st St,public_rack,2022-09-07 08:13:07,,,matched,possible_rename,202209-divvy-tripdata.zip,730CF3AF5350F150
divvy_70a8be56f99c4d2f,Public Rack - Lowe Ave & 98th St,public_rack,2022-09-09 13:44:57,,,matched,fewer_than_10_endpoints,202209-divvy-tripdata.zip,FF790DF94C7480E1
divvy_2c4b904a76138cc7,Public Rack - Midway Orange Line,public_rack,2022-09-10 10:00:36,,,no_confirmed_match,possible_rename,202209-divvy-tripdata.zip,8477890DEA096C68
divvy_33db856ad77706bd,Public Rack - East End Ave & 87th St,public_rack,2022-09-10 10:12:46,,,matched,possible_rename,202209-divvy-tripdata.zip,5BFB3AFB807B0186
divvy_a128cfd37b563d62,Public Rack - Jeffery Blvd & 67th St,public_rack,2022-09-14 09:58:27,,,matched,possible_rename,202209-divvy-tripdata.zip,AC32E5D843A53C97
divvy_3b59db1970837479,Public Rack - Bishop St & 81st St,public_rack,2022-09-16 11:49:03,,,matched,fewer_than_10_endpoints,202209-divvy-tripdata.zip,99505E979DA69634
divvy_030aa79a8dbf4211,Public Rack - Eggleston Ave & 115th St,public_rack,2022-09-16 15:03:55,,,matched,possible_rename,202209-divvy-tripdata.zip,60032D0E7604D66B
divvy_d7902e734483685e,Public Rack - Lake Park Ave & 47th St,public_rack,2022-09-16 15:54:51,,,no_confirmed_match,possible_rename,202209-divvy-tripdata.zip,43280D278BB2C064
divvy_5f9b273b53d6c444,Public Rack - Western Ave & 79th St,public_rack,2022-09-16 21:39:58,,,matched,possible_rename,202209-divvy-tripdata.zip,E5245E4006382382
divvy_a1df56278b72753a,Public Rack - Stewart Ave & 123rd St,public_rack,2022-09-22 22:56:31,,,matched,possible_rename,202209-divvy-tripdata.zip,8673640BE51FB0F2
divvy_2f253beb7222675b,Elizabeth St & Fulton St,station,2022-09-24 17:06:25,,,matched,possible_rename,202209-divvy-tripdata.zip,C5506D20D8E0955F
divvy_b47b7f038113556b,Public Rack - Ewing Ave & 106th St NW,public_rack,2022-09-27 08:30:27,,,matched,possible_rename,202209-divvy-tripdata.zip,0E46FF7741C8834D
divvy_80fdd6d5c8332baa,Public Rack - Michigan Ave & 113th St,public_rack,2022-10-03 10:47:03,,,matched,possible_rename,202210-divvy-tripdata.zip,3B6518A5954E840D
divvy_8eebccbcf7d9ec76,Public Rack - Oleander Ave & Addison St,public_rack,2022-10-07 08:31:20,,,matched,fewer_than_10_endpoints,202210-divvy-tripdata.zip,5841E5C139C5477C
divvy_c9fdee2d1ebf569d,Public Rack - Wabash Ave & 87th St,public_rack,2022-10-07 10:20:10,,,matched,possible_rename,202210-divvy-tripdata.zip,7688F20FEB2AA345
divvy_adaf919d205e43ce,Public Rack - Sangamon St & 79th St,public_rack,2022-10-07 15:45:22,,,matched,fewer_than_10_endpoints,202210-divvy-tripdata.zip,8449CC05756D1AF6
divvy_4d3c1608b58cb8b9,Public Rack - Normal Ave & 72nd St,public_rack,2022-10-12 15:48:47,,,matched,possible_rename,202210-divvy-tripdata.zip,6E75866A3F052850
divvy_e9617bfe25011dae,Public Rack - Christiana Ave & 111th St,public_rack,2022-10-23 11:30:40,,,matched,fewer_than_10_endpoints,202210-divvy-tripdata.zip,71893F5C9E3FB4A1
divvy_fa029ff2e8e9508f,Campbell Ave & Montrose Ave,station,2022-10-28 09:15:16,2015-05-14 16:58:00,,needs_review,earlier_same_name_history | name_has_multiple_locations,202210-divvy-tripdata.zip,E5E0D11EB58AE5E1
divvy_e3a8f24aacd1e774,Public Rack - Lawrence Ave & 103rd St,public_rack,2022-11-03 16:11:00,,,matched,fewer_than_10_endpoints,202211-divvy-tripdata.zip,FD14B8E0E13DE5B7
divvy_ea3612c675dc819d,Public Rack - Kostner Ave & Lake St,public_rack,2022-11-04 23:25:40,,,matched,possible_rename,202211-divvy-tripdata.zip,55B66D84C5491302
divvy_f94b85b2574552c1,Public Rack - Halsted St & 111th St,public_rack,2022-11-07 13:21:32,,,matched,possible_rename,202211-divvy-tripdata.zip,19952DFEC8B906B5
divvy_5322b7e22d7df6d8,Public Rack - Central Ave & Congress Pkwy,public_rack,2022-12-03 18:17:26,,,matched,fewer_than_10_endpoints,202212-divvy-tripdata.zip,167166C68E829326
divvy_53916c9be589a831,Public Rack - Corliss Ave & 133rd St,public_rack,2022-12-15 21:44:07,,,matched,fewer_than_10_endpoints,202212-divvy-tripdata.zip,11CF36728228E03E
divvy_d47288d53199a9fb,Public Rack - Ellis Ave & Doty Ave,public_rack,2022-12-31 12:44:20,,,matched,fewer_than_10_endpoints,202212-divvy-tripdata.zip,8F6D65F329C8F40F
divvy_a64d3c61fa5fc52a,Public Rack - Wallace St & 112 St,public_rack,2023-01-13 15:14:25,,,matched,fewer_than_10_endpoints,202301-divvy-tripdata.zip,CE1B543F3BE0C93F
divvy_6d1d783d0b1455ad,Public Rack - Baltimore Ave & 133rd St,public_rack,2023-01-14 13:13:25,,,no_confirmed_match,possible_rename,202301-divvy-tripdata.zip,42BF2A960DA9BDB3
divvy_ef07a3d6996533a3,Public Rack - James Madison School,public_rack,2023-02-12 09:47:35,,,matched,fewer_than_10_endpoints,202302-divvy-tripdata.zip,1DF0AF066E72A185
divvy_5f8dd7b0052fa07b,Public Rack - Pittsburgh Ave & Irving Park,public_rack,2023-02-13 14:56:49,,,no_confirmed_match,fewer_than_10_endpoints,202302-divvy-tripdata.zip,540A06F9970811C9
divvy_7890274a97fc1700,Public Rack - Western Ave & 62nd St,public_rack,2023-02-19 22:37:47,,,matched,fewer_than_10_endpoints,202302-divvy-tripdata.zip,1474942DF557B7AB
divvy_0b056a24b152e51f,Public Rack - Baker Ave & 863rd Pl,public_rack,2023-03-14 17:46:57,,,matched,fewer_than_10_endpoints,202303-divvy-tripdata.zip,1ADCB7FD8E27F86B
divvy_a11a1f6bd9201dc7,Halsted St & Fulton St,station,2023-03-16 13:50:39,,,matched,possible_rename,202303-divvy-tripdata.zip,1C58F66A19F3933C
divvy_9d347394c890bd04,Public Rack - Michigan Ave & 102nd St,public_rack,2023-04-03 14:08:48,,,matched,fewer_than_10_endpoints,202304-divvy-tripdata.zip,D2A213ED283213D8
divvy_649de21de72cd75e,Public Rack - Ellis Ave & 132nd Pl,public_rack,2023-04-10 17:57:17,,,matched,fewer_than_10_endpoints,202304-divvy-tripdata.zip,880B14E5C4F7FF87
divvy_a8f19336b0d65881,Public Rack - Prairie Ave & Garfield Blvd S,public_rack,2023-04-11 19:05:22,,,matched,possible_rename,202304-divvy-tripdata.zip,6ECD5492FA34553B
divvy_4c26548d89391a9a,Kedzie Ave & 24th St,station,2023-04-12 12:41:03,2015-04-27 16:41:00,,needs_review,earlier_same_name_history | name_has_multiple_locations,202304-divvy-tripdata.zip,16F3364006345993
divvy_ed4b33ef116fdd9e,Public Rack - Yale Ave & 119th St,public_rack,2023-04-15 11:06:08,,,matched,fewer_than_10_endpoints,202304-divvy-tripdata.zip,273F50FFB54EEEA3
divvy_215bdd9ad59e45e6,Public Rack - Ashland Ave & 73rd St,public_rack,2023-04-20 22:50:50,,,matched,possible_rename,202304-divvy-tripdata.zip,618307D96EEC1D39
divvy_587d6c556d9efa4d,Public Rack - California & 82nd,public_rack,2023-05-07 08:48:04,,,matched,fewer_than_10_endpoints,202305-divvy-tripdata.zip,D2A64E02926127D2
divvy_0b4033268457f0b6,Public Rack - Normandy Ave & Raven St,public_rack,2023-05-11 07:24:54,,,matched,fewer_than_10_endpoints,202305-divvy-tripdata.zip,0912766FAE7D1098
divvy_dd8faf79fc6d44c1,Public Rack - Horner & 85th,public_rack,2023-05-18 14:54:56,,,matched,fewer_than_10_endpoints,202305-divvy-tripdata.zip,05007F1B055EFFCE
divvy_38ac76253d4c090a,Public Rack - Mozart & 79th,public_rack,2023-05-20 14:39:40,,,matched,fewer_than_10_endpoints,202305-divvy-tripdata.zip,663AA5A5A66A5314
divvy_69e3c28ded100bd7,Public Rack - Throop St & 48t ST,public_rack,2023-05-21 18:59:19,,,matched,fewer_than_10_endpoints,202305-divvy-tripdata.zip,591597F5414FF01A
divvy_3ee89746293dd3dd,Public Rack - Honore St & 87th St - SE,public_rack,2023-05-21 22:29:20,,,matched,fewer_than_10_endpoints,202305-divvy-tripdata.zip,E847D66A4385C0C5
divvy_47bebde04565606d,Public Rack - Oakley & 79th Pl,public_rack,2023-05-22 19:01:42,,,matched,fewer_than_10_endpoints,202305-divvy-tripdata.zip,041862F7771EDA9D
divvy_048a095825a52140,Public Rack - Parnell Ave & 119th St,public_rack,2023-05-23 08:23:52,,,matched,fewer_than_10_endpoints,202305-divvy-tripdata.zip,ED9FBE9919A45779
divvy_eeab54d2c134ac6c,Public Rack - Yates Blvd & Exchange Ave,public_rack,2023-06-20 20:15:26,,,matched,fewer_than_10_endpoints,202306-divvy-tripdata.zip,4CD026E5EC8AE2DD
divvy_19dc412aa94acef7,Public Rack - Michigan Ave & 125th Pl,public_rack,2023-06-23 11:36:34,,,matched,fewer_than_10_endpoints,202306-divvy-tripdata.zip,A17AA19EEE805CD8
divvy_b84bed816a1880b0,Public Rack - Princeton Ave & 99th Pl,public_rack,2023-06-26 19:42:12,,,matched,fewer_than_10_endpoints,202306-divvy-tripdata.zip,6FD643E4B0D3821C
divvy_899bbf5d42be09b4,Public Rack - Torrence Ave & 106th St,public_rack,2023-06-27 17:42:51,,,matched,possible_rename,202306-divvy-tripdata.zip,B69CEC293AC44CF3
divvy_c3f967b2ab9f11b9,Public Rack - Damen Ave & 84th St,public_rack,2023-07-09 12:01:15,,,matched,fewer_than_10_endpoints,202307-divvy-tripdata.zip,2DD67A4913813F74
divvy_f951edcf05d6bf74,Public Rack - Hamlin & 72nd,public_rack,2023-07-27 22:43:56,,,matched,fewer_than_10_endpoints,202307-divvy-tripdata.zip,5A87BFB42F33BA11
divvy_3ee29d0d12868f69,Public Rack - Pulaski Rd & 85th St,public_rack,2023-07-28 01:41:51,,,matched,fewer_than_10_endpoints,202307-divvy-tripdata.zip,D5708084C743EDA7
divvy_abdd6083a43b68e8,Public Rack - Oglesby Ave & 105th St,public_rack,2023-07-29 00:25:39,,,matched,fewer_than_10_endpoints,202307-divvy-tripdata.zip,32718FA64710DB6A
divvy_eadb38fbcfdd6e4a,Public Rack - Hamilton Park,public_rack,2023-07-31 13:03:44,,,matched,possible_rename | fewer_than_10_endpoints,202307-divvy-tripdata.zip,A3099DDD2F8971B7
divvy_279ebada77c201c3,Public Rack - Ashburn Metra,public_rack,2023-08-15 13:18:35,,,matched,fewer_than_10_endpoints,202308-divvy-tripdata.zip,86E6895AE35FC0AE
divvy_144131bbbaa58184,Public Rack - Michigan Ave & 110th St,public_rack,2023-08-18 16:05:10,,,matched,fewer_than_10_endpoints,202308-divvy-tripdata.zip,3D459A526F955319
divvy_77c0353590af3f05,Public Rack - Marquette Ave & 79th St,public_rack,2023-09-04 13:09:38,,,matched,fewer_than_10_endpoints,202309-divvy-tripdata.zip,43418806FA0ED690
divvy_33e3d1461b31b08c,Public Rack - Calumet Ave & 71st St,public_rack,2023-09-05 19:23:06,,,matched,possible_rename,202309-divvy-tripdata.zip,7ED2613786B44235
divvy_d6044092da661c4b,Public Rack - Honore St & 87th St,public_rack,2023-09-12 10:43:55,,,matched,fewer_than_10_endpoints,202309-divvy-tripdata.zip,F588712C0A556B03
divvy_37ad7a20ce704a5a,Public Rack - Calumet Ave & 133rd St,public_rack,2023-09-12 19:13:14,,,matched,fewer_than_10_endpoints,202309-divvy-tripdata.zip,8EB41C9B76F8360D
divvy_8340e232077619c3,Buckingham Fountain (Columbus/Balbo),station,2023-09-20 19:05:53,,,no_confirmed_match,possible_rename,202309-divvy-tripdata.zip,538D19E74663F8BA
divvy_f22a428c8185fdd3,Damen Ave/Coulter St,station,2023-10-11 11:25:20,,,needs_review,possible_rename,202310-divvy-tripdata.zip,FBC904F4F11FEF27
divvy_59c713df5a1ccaac,California Ave & Granville Ave,station,2023-10-20 00:30:32,,,matched,name_has_multiple_locations,202310-divvy-tripdata.zip,7457AAD773E78676
divvy_90f67283e24cec41,Public Rack - Menard Ave & Leland Ave,public_rack,2023-11-07 10:24:30,,,matched,fewer_than_10_endpoints,202311-divvy-tripdata.zip,2F421414A537B8EA
divvy_2f6c32de11fd8efa,Public Rack - Prairie Ave & 78th St,public_rack,2023-12-05 19:36:33,,,matched,fewer_than_10_endpoints,202312-divvy-tripdata.zip,0FCEF95337FEB463
divvy_326d23d5f7ad6fe3,Public Rack - Rhodes Ave & 79th St,public_rack,2023-12-13 10:51:08,,,matched,fewer_than_10_endpoints,202312-divvy-tripdata.zip,6E8936F75E98A1F6
divvy_2162e5c855fa27c3,Public Rack - Cottage Grove Ave & 91st St,public_rack,2023-12-13 13:05:56,,,matched,fewer_than_10_endpoints,202312-divvy-tripdata.zip,BE2160D63178F11C
divvy_e8279228eafcf07f,Kildare Ave & 85th St,station,2023-12-23 03:48:38,,,no_confirmed_match,name_has_multiple_locations,202312-divvy-tripdata.zip,6DA91A9E82B54584
divvy_2db769d99ce77a0f,Public Rack - Vincennes Ave & 91st St,public_rack,2024-01-03 06:33:54,,,matched,fewer_than_10_endpoints,202401-divvy-tripdata.zip,6DBDBC0A48697534
divvy_e5e85afe28236e17,Public Rack - Ada St & 117th St,public_rack,2024-03-25 15:14:30,,,matched,fewer_than_10_endpoints,202403-divvy-tripdata.zip,95C46B7F07FD7759
divvy_2121655dcdd70bd4,Public Rack - Western Blvd & 52nd St,public_rack,2024-04-04 20:54:04,,,matched,fewer_than_10_endpoints,202404-divvy-tripdata.zip,1DB1E155183332E4
divvy_91c41d6674950da9,Pine Ave & Division St,station,2024-04-13 10:30:21,,,matched,name_has_multiple_locations,202404-divvy-tripdata.zip,A4BD373DF8C48104
divvy_bed740ee6489cd03,Public Rack - Halsted St & 77th St,public_rack,2024-04-30 09:54:49,,,matched,fewer_than_10_endpoints,202404-divvy-tripdata.zip,F8E7C67CCFEE4CC2
divvy_c45d985cc1f093d0,Western Ave & Monroe St,station,2024-05-01 00:45:45,2015-04-27 20:01:00,,matched,earlier_same_name_history | name_has_multiple_locations,202405-divvy-tripdata.zip,0C602613F6770350
divvy_46e108a496f751fb,Major Ave & Addison St,station,2024-05-01 18:22:53,,,matched,name_has_multiple_locations,202405-divvy-tripdata.zip,B2266DDD88590BA6
divvy_74596ff0677799c9,Public Rack - Exchange Ave & 131st St,public_rack,2024-05-04 19:50:10,,,matched,fewer_than_10_endpoints,202405-divvy-tripdata.zip,25AC72C66F7D3ACE
divvy_c53b638c4c422d7e,Marmora Ave & Belmont Ave,station,2024-05-10 14:53:41,,,needs_review,name_has_multiple_locations,202405-divvy-tripdata.zip,7248DEDD6225B40C
divvy_c25cbcca61bb4e53,Public Rack - Wolcott Ave & 56th St,public_rack,2024-05-20 08:31:36,,,matched,fewer_than_10_endpoints,202405-divvy-tripdata.zip,9EF8C9AE04EC61C8
divvy_3ad7ea427f1c7303,Public Rack - Franklin Park,public_rack,2024-05-28 06:58:15,,,matched,fewer_than_10_endpoints,202405-divvy-tripdata.zip,96233BF73ADD8CFD
divvy_f469853eb99b1166,Public Rack - Eggleston Ave & 114th St,public_rack,2024-06-04 11:12:00.179000,,,matched,fewer_than_10_endpoints,202406-divvy-tripdata.zip,053EE62AD7BA7B4E
divvy_dea607f0236a15be,Public Rack - Linder Ave & 51st St,public_rack,2024-06-17 11:30:23.252000,,,matched,fewer_than_10_endpoints,202406-divvy-tripdata.zip,2DC6EEBF1FF8BBE0
divvy_df260fbf3eccc251,Racine Ave & Randolph St,station,2024-07-01 00:06:07.471000,2017-01-01 01:31:24,,needs_review,earlier_same_name_history | name_has_multiple_locations,202407-divvy-tripdata.zip,D8468A3BDDC181D6
divvy_2aaeb69cea76379b,Southport Ave & Clybourn Ave,station,2024-07-01 00:39:51.789000,2013-09-25 12:29:00,,needs_review,earlier_same_name_history | name_has_multiple_locations,202407-divvy-tripdata.zip,9D14C30DA084CC82
divvy_e28a9ef7ef9e5ca9,Ada St & 113th St,station,2024-07-06 17:24:06.567000,2020-10-07 19:34:30,,no_confirmed_match,earlier_same_name_history | name_has_multiple_locations,202407-divvy-tripdata.zip,DDCE6B49C386BBE2
divvy_6162589be3a45259,Kostner & 87th,station,2024-07-12 19:06:32.776000,2023-12-23 03:48:38,,no_confirmed_match,earlier_same_name_history,202407-divvy-tripdata.zip,CDFF60B48438E3A1
divvy_ea9bf9d55a48fcd0,Wabash Ave & 59th St,station,2024-07-27 18:22:15.327000,,,matched,name_has_multiple_locations,202407-divvy-tripdata.zip,86B52EC083D43265
divvy_835dfaf121b4d86c,Public Rack - Homewood Ave & Monterey Ave,public_rack,2024-07-30 16:08:47.008000,,,matched,fewer_than_10_endpoints,202407-divvy-tripdata.zip,160FEE05FA1D8334
divvy_b3a94effb2877d40,Canal St & Monroe St,station,2024-08-01 06:45:20.480000,2013-08-07 11:57:00,,needs_review,earlier_same_name_history | name_has_multiple_locations | possible_rename,202408-divvy-tripdata.zip,04CD181EEA073B35
divvy_7e3246cf94c97b56,California Ave & Granville Ave,station,2024-08-01 07:19:44.925000,2023-10-20 00:30:32,,needs_review,earlier_same_name_history | name_has_multiple_locations,202408-divvy-tripdata.zip,F403A5D9C6D16DE4
divvy_f3f9bce222d54cad,Damen Ave & Lake St,station,2024-08-05 08:27:49.029000,,,matched,possible_rename,202408-divvy-tripdata.zip,1E0FFAACE981698E
divvy_66af5fba1593546c,Public Rack - New England Ave & Irving Park Rd,public_rack,2024-08-09 11:12:29.376000,,,matched,fewer_than_10_endpoints,202408-divvy-tripdata.zip,345C6DAE0D768808
divvy_729af70351723af2,Lakefront Trail & Wilson Ave,station,2024-09-01 01:33:56.802000,2018-09-18 15:15:55,2018-09-18 15:15:55,needs_review,earlier_same_name_history | name_has_multiple_locations,202409-divvy-tripdata.zip,86B42ECC5C9CAA09
divvy_bf0afffb1368bbbd,Ewing Ave & Burnham Greenway,station,2024-09-01 08:22:13.392000,2020-09-24 13:11:04,2022-02-06 12:10:14,matched,earlier_same_name_history | name_has_multiple_locations,202409-divvy-tripdata.zip,B2B8B04FEAD33470
divvy_0171410429d3027b,Damen Ave & Foster Ave,station,2024-09-01 10:11:26.791000,2015-05-14 07:15:00,2024-08-01 00:51:38.581000,needs_review,earlier_same_name_history | name_has_multiple_locations,202409-divvy-tripdata.zip,F999204BBA516AF6
divvy_d418231fda67c70f,Public Rack - Ewing Ave & 112th St,public_rack,2024-09-04 08:38:05.601000,,,matched,fewer_than_10_endpoints,202409-divvy-tripdata.zip,DE7B45AF7FE4E51F
divvy_6c7dc993a3a132d8,Public Rack - Avenue O & 118th St,public_rack,2024-09-04 08:48:20.514000,,,matched,fewer_than_10_endpoints,202409-divvy-tripdata.zip,F7CE5A47A46FBA6D
divvy_ac48a8932743c478,Public Rack - Muskegon Ave & 89th St,public_rack,2024-09-09 07:58:20.237000,,,matched,fewer_than_10_endpoints,202409-divvy-tripdata.zip,BA3736BFA0781FE1
divvy_cb3e45b2cf4d7ac7,Public Rack - Bradley Park,public_rack,2024-09-09 08:12:16.340000,,,matched,possible_rename | fewer_than_10_endpoints,202409-divvy-tripdata.zip,84CF63FB89B8BDC2
divvy_1c1a0dbad89bfdee,Public Rack - Orville T Bright School,public_rack,2024-09-09 08:42:26.434000,,,matched,fewer_than_10_endpoints,202409-divvy-tripdata.zip,14B762D95C0F9EFC
divvy_1e411a9694a24072,Public Rack - Park Manor Elementary School,public_rack,2024-09-10 18:39:13.773000,,,matched,fewer_than_10_endpoints,202409-divvy-tripdata.zip,E4A259DECF90CF3A
divvy_395536fbd95974f5,Public Rack - Eberhart Ave & 131st St,public_rack,2024-09-18 13:05:24.777000,,,matched,fewer_than_10_endpoints,202409-divvy-tripdata.zip,FEF67AC610A0F588
divvy_5d28e9712225ea60,Public Rack - Michigan Ave & 121st St,public_rack,2024-09-29 23:57:24.278000,,,matched,fewer_than_10_endpoints,202409-divvy-tripdata.zip,880017FBB21B9BD0
divvy_b5bab0bb87191685,Public Rack - William Rainey Harper High School,public_rack,2024-10-12 15:22:58.707000,,,matched,fewer_than_10_endpoints,202410-divvy-tripdata.zip,2D17F65BDE3477DA
divvy_4dbe1645eb14599d,Public Rack - West Lawn Park,public_rack,2024-10-12 16:03:10.731000,,,matched,fewer_than_10_endpoints,202410-divvy-tripdata.zip,B76B1FD17CC3F858
divvy_9a5ef4d96e12ca60,Public Rack - Stony Island Ave & 86th St,public_rack,2024-10-23 16:37:39.528000,,,matched,fewer_than_10_endpoints,202410-divvy-tripdata.zip,105423B7D51F61BF
divvy_841fee98b4155c32,Public Rack - Eggleston Ave & 92nd St,public_rack,2024-11-12 17:54:28.831000,,,matched,fewer_than_10_endpoints,202411-divvy-tripdata.zip,7F1BF670077F27DD
divvy_158183556e6baae7,Public Rack - Morgan St & 103rd St,public_rack,2024-11-12 18:53:43.715000,,,matched,fewer_than_10_endpoints,202411-divvy-tripdata.zip,C8861261653067BD
divvy_e768ae861fdcceff,Public Rack - Lowe Ave & 119th St,public_rack,2024-11-12 19:23:56.873000,,,matched,fewer_than_10_endpoints,202411-divvy-tripdata.zip,44AC863373E077F2
divvy_4394905bc1af61de,Public Rack - Corliss Ave & 103rd St,public_rack,2024-11-12 20:57:45.980000,,,matched,fewer_than_10_endpoints,202411-divvy-tripdata.zip,05532C3F1A28681D
divvy_1e9b3996cdfd74f3,Public Rack - Princeton Ave & 103rd Pl,public_rack,2024-11-12 21:38:56.521000,,,matched,fewer_than_10_endpoints,202411-divvy-tripdata.zip,059B8F8820B6B813
divvy_585bf2418dcc816c,Public Rack - 83rd Pl & Kedzie Ave S,public_rack,2024-11-23 14:19:46.063000,,,matched,fewer_than_10_endpoints,202411-divvy-tripdata.zip,2DC6FAAADD7CE562
divvy_5d390a9865a09892,Stony Island Ave & 57th St,station,2025-02-01 08:59:13.842000,2013-10-09 13:21:00,,matched,earlier_same_name_history,202502-divvy-tripdata.zip,3CCEB1D97CB09C4A
divvy_88fcf21ea49f1467,Pine Ave & Division St,station,2025-02-09 17:03:46.573000,2024-04-13 10:30:21,,needs_review,earlier_same_name_history | name_has_multiple_locations,202502-divvy-tripdata.zip,8DB8401A572786C5
divvy_f29386b412c7b641,Steelworkers Park (Updated),station,2025-03-09 16:19:19.874000,,,no_confirmed_match,possible_rename,202503-divvy-tripdata.zip,B6CEDBF3E2BA140D
divvy_604f0a0ab0896baa,Public Rack - Emil G Hirch Metropolitan High School,public_rack,2025-03-29 08:38:49.374000,,,matched,fewer_than_10_endpoints,202503-divvy-tripdata.zip,211ACB1A53446B41
divvy_485f3ca20dabfff7,Public Rack - Drexel Ave & 87th St,public_rack,2025-03-29 09:52:23.032000,,,matched,fewer_than_10_endpoints,202503-divvy-tripdata.zip,790CBE5356343BDC
divvy_b0654270d86b8482,Public Rack - Greenwood Ave & 87th St,public_rack,2025-03-29 10:18:05.164000,,,matched,fewer_than_10_endpoints,202503-divvy-tripdata.zip,F38C20D87BB57463
divvy_eec4b32fe54436fc,Public Rack - 63rd St & Meade Ave,public_rack,2025-03-29 16:35:05.553000,,,matched,fewer_than_10_endpoints,202503-divvy-tripdata.zip,A16B8213136E4138
divvy_817b7db0a43794de,Major Ave & Addison St,station,2025-04-02 23:31:53.491000,2024-05-01 18:22:53,,needs_review,earlier_same_name_history | name_has_multiple_locations,202504-divvy-tripdata.zip,E95856CA760CE71C
divvy_ba0da1ccc0fdf40a,Wabash Ave & 59th St,station,2025-06-02 17:36:19.338000,2024-07-27 18:22:15.327000,,needs_review,earlier_same_name_history | name_has_multiple_locations,202506-divvy-tripdata.zip,C2DD3FF9C13A4753
divvy_89718c7236502242,Damen Ave & Wicker Park Ave,station,2025-06-25 11:57:36.707000,,,matched,possible_rename,202506-divvy-tripdata.zip,9A96C9BCA69E1B28
divvy_0e9e0aa97263dfea,Green St & Chicago Ave,station,2025-08-13 10:09:30.704000,,,needs_review,name_has_multiple_locations,202508-divvy-tripdata.zip,1A647FEB956C0D53
divvy_b282bcecd92369ee,Wood St & Walnut St,station,2025-08-14 16:31:00.653000,,,needs_review,name_has_multiple_locations,202508-divvy-tripdata.zip,267A9CF59E9BC070
divvy_1a97b33437ee9f72,LaSalle St & Calhoun Pl,station,2025-08-18 15:49:38.441000,,,matched,possible_rename,202508-divvy-tripdata.zip,5B5BCA4AD3951E65
divvy_7f1bed49f39ff700,Burling St & Armitage Ave,station,2025-08-29 11:18:31.004000,,,needs_review,possible_rename,202508-divvy-tripdata.zip,66A20DA19DB82D76
divvy_86ee26db0884059a,Paulina St & Division St,station,2025-08-31 19:46:59.939000,2013-08-16 11:01:00,,matched,earlier_same_name_history | possible_rename,202509-divvy-tripdata.zip,EFD142BD53806C68
divvy_0f1f927aa46a1a6e,Wood St & Milwaukee Ave,station,2025-09-03 15:56:06.418000,2013-06-27 14:38:00,,matched,earlier_same_name_history | name_has_multiple_locations,202509-divvy-tripdata.zip,25B807BDD0480C99
divvy_a7d5fd9d7f198d75,Fulton Market,station,2025-09-10 11:38:15.825000,,,matched,possible_rename,202509-divvy-tripdata.zip,90AFFC8C56ABBC28
divvy_8a187d0d3f6462c1,Wood St & Walnut St,station,2025-10-01 00:29:29.594000,2025-08-14 16:31:00.653000,,matched,earlier_same_name_history | name_has_multiple_locations,202510-divvy-tripdata.zip,911A481D102BD4C2
divvy_212c38306dae50a1,Ashland Ave & Belle Plaine Ave,station,2025-10-01 03:40:26.371000,2013-08-26 16:00:00,,needs_review,earlier_same_name_history | name_has_multiple_locations,202510-divvy-tripdata.zip,50F14DF1AAA5998C
divvy_22d658974ce932a1,Halsted St & Armitage Ave,station,2025-10-09 15:23:24.135000,,,matched,possible_rename,202510-divvy-tripdata.zip,E2B743B963E16AB5
divvy_bce886967c838028,Ashland Ave & Grace St,station,2025-11-01 00:27:55.125000,2013-07-31 17:38:00,,needs_review,earlier_same_name_history | name_has_multiple_locations,202511-divvy-tripdata.zip,95E1611A4EE17DAC
divvy_f8398892c692b128,Green St & Chicago Ave,station,2025-11-01 01:13:37.117000,2025-08-13 10:09:30.704000,2025-10-01 07:43:15.974000,matched,earlier_same_name_history | name_has_multiple_locations,202511-divvy-tripdata.zip,1A40C513DE046059
divvy_78cf110c0c2cfb34,Clark St & Washington St,station,2025-11-19 12:49:30.959000,,,needs_review,possible_rename,202511-divvy-tripdata.zip,79E692B0CACE9451
divvy_c8467edf8d293576,Dearborn St & Madison St,station,2025-11-22 10:27:33.208000,,,matched,possible_rename,202511-divvy-tripdata.zip,3AE0D52BCB3164D4
divvy_e393eca7ec426829,Southport Ave & Newport Ave Public Rack,public_rack,2026-01-07 12:08:50.391000,,,matched,possible_rename,202601-divvy-tripdata.zip,C5925B9FD9EF6B47
divvy_c81f7532ac53841a,Damen Ave & Chicago Ave Public Rack,public_rack,2026-01-07 15:32:09.238000,,,matched,possible_rename,202601-divvy-tripdata.zip,DF1FA0DC984136F1
divvy_dd29599595bb2bf0,Paulina St & Lincoln Ave Public Rack,public_rack,2026-01-26 06:01:59.244000,,,matched,possible_rename,202601-divvy-tripdata.zip,5C349EFD2EC137EE
divvy_eabfd69089a0c4b8,Southport Ave & Diversey Pkwy,station,2026-02-01 14:06:51.891000,2013-06-29 19:40:00,,matched,earlier_same_name_history,202602-divvy-tripdata.zip,DD5A0A8F8BE742FE
divvy_6fbe263ab6e37ba6,Ping Tom Park East Public Rack,public_rack,2026-02-06 18:32:42.023000,,,matched,possible_rename,202602-divvy-tripdata.zip,3E8E27E42FB26CE2
divvy_5bb08d265c79cbf1,Dearborn St & Adams St 2,station,2026-02-09 06:30:31.162000,,,matched,possible_rename,202602-divvy-tripdata.zip,4E8B0A1FE6DF0662
divvy_8d4136c5a061a55b,Sheffield Ave & Armitage Ave Public Rack,public_rack,2026-02-11 17:09:22.549000,,,matched,possible_rename,202602-divvy-tripdata.zip,2AE26F44134E3012
divvy_cd8e180e4393fa64,Steelworkers Park Public Rack,public_rack,2026-02-16 10:20:01.593000,,,matched,possible_rename,202602-divvy-tripdata.zip,2D70784AF13C12D1
divvy_a925e88f62ede212,North Branch St & Haines St,station,2026-03-01 11:01:08.121000,2015-05-16 13:57:00,,matched,earlier_same_name_history,202603-divvy-tripdata.zip,1033FFE27D432907
divvy_e3a7ce4d45b186d3,Indiana Ave & 133rd St Public Rack,public_rack,2026-03-24 18:55:24.532000,,,matched,possible_rename | fewer_than_10_endpoints,202603-divvy-tripdata.zip,34C619D9FABCBDD8
divvy_6bd182482971cebf,Latrobe Ave & Chicago Ave,station,2026-04-02 18:52:26.202000,2019-03-18 16:20:21,,matched,earlier_same_name_history | name_has_multiple_locations,202604-divvy-tripdata.zip,FBA11FEA960A4A66
divvy_e111982d393eef14,Aberdeen St & 106th St,station,2026-04-03 13:17:24.926000,,,matched,fewer_than_10_endpoints,202604-divvy-tripdata.zip,62094DB5F09F547D
divvy_cefb8cc26f3f6776,Washington Blvd & Peoria St Public Rack,public_rack,2026-04-09 14:12:27.943000,,,matched,possible_rename,202604-divvy-tripdata.zip,4AECF8CCB9AB580A
divvy_47666d31c12b304e,Carpenter St & Lake St Public Rack,public_rack,2026-04-09 14:17:20.882000,,,matched,possible_rename,202604-divvy-tripdata.zip,C96D808BECBC07CF
divvy_723535c606bf5a82,11th St Ped Bridge,station,2026-05-11 15:45:41.427000,,,needs_review,possible_rename | fewer_than_10_endpoints,202605-divvy-tripdata.zip,F0F008EF03B4B629
divvy_c01d6fb8dbf0e03b,Museum Campus Metra Station,station,2026-05-12 10:24:49.055000,,,matched,possible_rename,202605-divvy-tripdata.zip,4F1A710A7251BF24
divvy_507c687b1eb2c15e,Marmora Ave & Belmont Ave (temporary),station,2026-06-03 18:13:35.626000,2024-05-10 14:53:41,,matched,earlier_same_name_history,202606-divvy-tripdata.zip,FE55F8D07723FCF4
divvy_7a1c75ed38ea7077,Midway Corral,station,2026-06-23 17:18:45.795000,,,matched,fewer_than_10_endpoints,202606-divvy-tripdata.zip,11C4A9ED593CBA15
divvy_f45f6f4e26407f40,Springfield Ave & 81st PL,station,2026-07-15 19:45:19.854000,,,needs_review,fewer_than_10_endpoints,202607-divvy-tripdata.zip,A23288FD2F6CA90C
divvy_73f9c66106552846,Honore St & 71st St,station,2026-07-20 10:01:06.298000,,,matched,fewer_than_10_endpoints,202607-divvy-tripdata.zip,30AFF7C20A70187F
divvy_e8dbad21230d0f9c,Clark St & Madison St,station,2026-08-03 18:11:57.011000,,,matched,possible_rename,202608-divvy-tripdata.zip,4B36780FED8F0B91
divvy_d6159db10a415fec,Sheridan Rd & Arthur Ave,station,2026-08-05 21:45:37.563000,,,matched,possible_rename,202608-divvy-tripdata.zip,752AA9A33683166D
divvy_b2edef37c5fab615,Linder Ave & 64th,station,2026-08-20 12:41:03.404000,,,matched,fewer_than_10_endpoints,202608-divvy-tripdata.zip,AD21577E268CA9BE
